ID;Name Deutsch;Name Latein;Pflanzenfamilie;Jan;Feb;Mar;Apr;Mai;Jun;Jul;Aug;Sep;Okt;Nov;Dez;Wuchsform;Blütenfarbe;Gepflanzt;Notizen
1;Fieberklee;Menyanthes trifoliata;Menyanthaceae;0;0;0;0;1;1;0;0;0;0;0;0;Hydrophyt;weiss;Moser;
2;Teichrose;Nuphar lutea;Nymphaeaceae;0;0;0;0;0;1;1;1;0;0;0;0;Hydrophyt;gelb;Moser;
3;Strauss-Gilbweiderich;Lysimachia thyrsiflora;Primulaceae;0;0;0;0;1;1;1;0;0;0;0;0;Hydrophyt;gelb;Moser;
4;Wasserfeder;Hottonia palustris;Primulaceae;0;0;0;0;1;1;1;0;0;0;0;0;Hydrophyt;weiss;fehlt Moser;
5;Gemeiner Wasserschlauch;Utricularia vulgaris;Lentibulariaceae;0;0;0;0;0;1;1;1;0;0;0;0;Hydrophyt;goldgelb;fehlt Moser;
6;Froschbiss;Hydrocharis morsus-ranae;Hydrocharitaceae;0;0;0;0;0;1;1;1;0;0;0;0;Hydrophyt;weiss;fehlt Moser;
7;Sandmohn;Papaver argemone;Papaveraceae;0;0;0;1;1;1;0;0;0;0;0;0;Einjähriges Kraut;rot;Moser;Nicht gewachsen nach Aussaat
8;Muskateller-Salbei;Salvia sclarea;Lamiaceae;0;0;0;0;0;1;1;0;0;0;0;0;Zweijähriges Kraut;lilarosa;Moser / fehlt Hunziker;Nicht gewachsen nach Aussaat
9;Wiesen-Salbei;Salvia pratensis;Lamiaceae;0;0;0;0;1;1;1;1;0;0;0;0;Staude;violett;fehlt Moser / Hunziker;
10;Kornblume;Centaurea cyanus;Asteraceae;0;0;0;0;0;1;1;1;1;1;0;0;Einjähriges Kraut;blau;fehlt Moser;
11;Kornrade;Agrostemma githago;Caryophyllaceae;0;0;0;0;0;1;1;1;0;0;0;0;Einjähriges Kraut;violettrot;fehlt Moser;
12;Blutroter Storchschnabel;Geranium sanguineum;Geraniaceae;0;0;0;0;1;1;1;0;0;0;0;0;Staude;purpurrot;fehlt Moser / Hunziker;
13;Kleiner Wiesenknopf;Sanguisorba minor;Rosaceae;0;0;0;0;1;1;1;1;0;0;0;0;Staude;grünrot;fehlt Moser;
14;Saat-Esparsette;Onobrychis viciifolia;Fabaceae;0;0;0;0;1;1;1;1;0;0;0;0;Staude;rotweiss;fehlt Moser;
15;Echter Wundklee;Anthyllis vulneraria;Fabaceae;0;0;0;0;1;1;1;1;1;0;0;0;Staude;gelb;fehlt Moser / natürlich;
16;Pfennigkraut;Lysimachia nummularia L.;Primulaceae;0;0;0;0;0;1;1;0;0;0;0;0;Staude;gelb;fehlt Moser;
17;Gewöhnlicher Hornklee;Lotus corniculatus;Fabaceae;0;0;0;0;1;1;1;0;0;0;0;0;Staude;gelb;fehlt Moser;
18;Tessiner Rebe;Vitis labrusca;Vitaceae;0;0;0;1;1;0;0;0;0;0;0;0;Kletterpflanze;grün;fehlt Hunziker;Die Sorte heisst Magliasina.
19;Europäische Weinrebe;Vitis vinifera;Vitaceae;0;0;0;1;1;0;0;0;0;0;0;0;Kletterpflanze;grün;fehlt Hunziker;Die Sorte heisst Muscat bleu.
20;Europäische Weinrebe;Vitis vinifera;Vitaceae;0;0;0;1;1;0;0;0;0;0;0;0;Kletterpflanze;grün;fehlt Hunziker;Die Sorte heisst Seyval B.
21;Wintergrüne Ölweide;Elaeagnus ebbingei;Elaeagnaceae;0;0;0;0;0;0;0;0;1;1;1;0;Strauch;weissgelb;Hunziker;
22;Feldahorn;Acer campestre;Sapindaceae;0;0;0;0;1;0;0;0;0;0;0;0;Baum;gelbgrün;Hunziker;
23;Roter Perückenstrauch;Cotinus coggygria;Anacardiaceae;0;0;0;0;0;1;1;0;0;0;0;0;Strauch;rot;fehlt Hunziker;Die Sorte heisst Royal Purple.
24;Chinesischer Gewürzstrauch;Elsholtzia stauntonii;Lamiaceae;0;0;0;0;0;0;0;1;1;1;0;0;Halbstrauch;hellpurpurrot;fehlt Hunziker;
25;Feigenbaum;Ficus carica;Moraceae;0;0;1;1;1;0;0;0;0;0;0;0;Baumartiger Strauch;keine;Hunziker;Die Sorte heisst Brown Turkey.
26;Blasenesche;Koelreuteria paniculata;Sapindaceae;0;0;0;0;0;0;1;1;1;0;0;0;Baum;gelb;Hunziker;
27;Viermännige Tamariske;Tamarix tetrandra;Tamaricaceae;0;0;0;1;1;0;0;0;0;0;0;0;Strauch;hellrosa;Hunziker;
28;Mönchspfeffer;Vitex agnus-castus;Lamiaceae;0;0;0;0;0;0;0;0;1;1;0;0;Strauch;hellviolett;Hunziker;
29;Quittenbaum;Cydonia oblonga;Rosaceae;0;0;0;1;1;0;0;0;0;0;0;0;Baum;weissrosa;fehlt Hunziker;Die Sorte heisst Vranja
30;Kletterrose;Rosa New Dawn;Rosaceae;0;0;0;0;0;1;1;1;1;1;0;0;Kletterpflanze;zartrosa;fehlt Hunziker;
31;Strauchrose;Rosa Jacques Cartier;Rosaceae;0;0;0;0;0;1;1;1;1;1;0;0;Strauch;zartrosa;fehlt Hunziker;Die Sorte heisst Damascener-Portlandrose
32;Schwarze Stockmalve;Alcea rosea Nigra;Malvaceae;0;0;0;0;0;0;1;1;1;0;0;0;Zweijähriges Kraut;scharzrot;fehlt Hunziker;
33;Färber-Hundskamille;Anthemis tinctoria;Asteraceae;0;0;0;0;0;1;1;1;0;0;0;0;Staude;goldgelb;fehlt Hunziker;
34;Grosse Klette;Arctium lappa;Asteraceae;0;0;0;0;0;0;1;1;1;0;0;0;Zweijähriges Kraut;violett;fehlt Hunziker;
35;Eberreis;Artemisia abrotanum;Asteraceae;0;0;0;0;0;0;1;1;1;1;0;0;Halbstrauch;gelbgrün;fehlt Hunziker;
36;Prärie-Aster;Aster turbinellus;Asteraceae;0;0;0;0;0;0;0;0;1;1;0;0;Staude;hellviolett;fehlt Hunziker;
37;Pyrenäenaster;Aster pyrenaeus Lutetia;Asteraceae;0;0;0;0;0;0;0;1;1;1;0;0;Staude;lilarosa;fehlt Hunziker;
38;Weidenblättriges Rindsauge;Buphthalmum salicifolium;Asteraceae;0;0;0;0;0;1;1;1;1;0;0;0;Staude;gelb;Hunziker;
39;Bergminze;Calamintha nepeta;Lamiaceae;0;0;0;0;0;0;1;1;1;1;0;0;Staude;violettblau;fehlt Hunziker;
40;Knoblauchrauken-Glockenblume;Campanula alliariifolia;Campanulaceae;0;0;0;0;0;1;1;0;0;0;0;0;Staude;weiss;fehlt Hunziker;
41;Großköpfige Flockenblume;Centaurea macrocephala;Asteraceae;0;0;0;0;0;1;1;0;0;0;0;0;Staude;gelb;Hunziker;
42;Spornblume;Centranthus ruber Coccineus;Caprifoliaceae;0;0;0;0;1;1;1;1;0;0;0;0;Staude;rot;Hunziker;
43;Wegwarte;Cichorium intybus;Asteraceae;0;0;0;0;0;0;1;1;1;0;0;0;Staude;blau;Hunziker;
44;Kartäuser-Nelke;Dianthus carthusianorum ;Caryophyllaceae;0;0;0;0;0;1;1;1;1;1;0;0;Staude;karminrot;fehlt Hunziker;
45;Wilde Karde;Dipsacus fullonum;Caprifoliaceae;0;0;0;0;0;0;1;1;0;0;0;0;Zweijähriges Kraut;hellrosa;Hunziker;
46;Prärie-Igelkopf;Echinacea pallida;Asteraceae;0;0;0;0;0;0;1;1;1;0;0;0;Staude;hellrosa;fehlt Hunziker;
47;Rosmarin-Weidenröschen;Epilobium dodonaei;Onagraceae;0;0;0;0;0;1;1;1;1;0;0;0;Staude;hellpurpurrot;fehlt Hunziker;
48;Karvinskis Berufkraut;Erigeron karvinskianus;Asteraceae;0;0;0;0;0;1;1;1;1;1;0;0;Staude;weissrosa;Hunziker;
49;Mittelmeer-Wolfsmilch;Euphorbia characias ssp. wulfenii;Euphorbiaceae;0;0;0;1;1;1;0;0;0;0;0;0;Halbstrauch;gelbgrün;Hunziker;
50;Langhaariges Habichtskraut;Hieracium pilosella;Asteraceae;0;0;0;0;1;1;1;1;1;0;0;0;Staude;hellgelb;Hunziker;
51;Schopfiger Hufeisenklee;Hippocrepis comosa;Fabaceae;0;0;0;0;1;1;0;0;0;0;0;0;Staude;gelb;fehlt Hunziker;
52;Gemeines Leinkraut;Linaria vulgaris;Plantaginaceae;0;0;0;0;0;1;1;1;1;0;0;0;Staude;gelborange;fehlt Hunziker;
53; Stauden-Lein;Linum perenne;Linaceae;0;0;0;0;0;1;1;1;1;0;0;0;Staude;hellblau;fehlt Hunziker;
54;Bisam-Malve;Malva moschata;Malvaceae;0;0;0;0;0;1;1;1;1;0;0;0;Staude;rosa;Hunziker;
55;Zweijährige Nachtkerze;Oenothera biennis;Onagraceae;0;0;0;0;0;1;1;1;1;0;0;0;Zweijähriges Kraut;gelb;fehlt Hunziker;
56;Steinbrech-Felsennelke;Petrorhagia saxifraga;Caryophyllaceae;0;0;0;0;0;1;1;1;1;0;0;0;Staude;rosa;Hunziker;
57;Graues Heiligenkraut;Santolina chamaecyparissus;Asteraceae;0;0;0;0;0;0;1;1;0;0;0;0;Halbstrauch;gelb;fehlt Hunziker;
58;Rotes Seifenkraut;Saponaria ocymoides;Caryophyllaceae;0;0;0;0;1;1;1;1;1;0;0;0;Staude;hellrot;Hunziker;
59;Gelbe Skabiose;Scabiosa ochroleuca;Caprifoliaceae;0;0;0;0;0;1;1;1;1;0;0;0;Staude;hellgelb;Hunziker;
60;Purpur-Fetthenne;Hylotelephium telephium;Crassulaceae;0;0;0;0;0;0;0;1;1;1;0;0;Sukkulente;bräunlichrot;fehlt Hunziker;Die Sorte heisst Herbstfreude
61;Syrisches Gliedkraut;Sideritis syriaca;Lamiaceae;0;0;0;0;0;1;1;1;0;0;0;0;Staude;hellgelb;Hunziker;
62;Rainfarn;Tanacetum vulgare;Asteraceae;0;0;0;0;0;1;1;1;1;0;0;0;Staude;goldgelb;Hunziker;
63;Violette Königskerze;Verbascum phoeniceum;Scrophulariaceae;0;0;0;0;1;1;1;0;0;0;0;0;Staude;violettweiss;fehlt Hunziker;
64;Bronze-Fenchel;Foeniculum vulgare Purpureum;Apiaceae;0;0;0;0;0;0;1;1;0;0;0;0;Staude;gelb;fehlt Hunziker;
65;Currykraut;Helichrysum italicum;Asteraceae;0;0;0;0;0;1;1;1;1;0;0;0;Halbstrauch;gelb;fehlt Hunziker;
66;Echter Ysop;Hyssopus officinalis;Lamiaceae;0;0;0;0;0;0;1;1;1;0;0;0;Halbstrauch;blau;fehlt Hunziker;
67;Marokkanischer Oregano;Origanum vulgare Compactum;Lamiaceae;0;0;0;0;0;1;1;1;0;0;0;0;Staude;rosa;fehlt Hunziker;
68;Rosmarin;Rosmarinus officinalis;Lamiaceae;0;0;1;1;1;1;1;1;1;1;0;0;Strauch;weiss hellblau;Hunziker;
69;Wein-Raute;Ruta graveolens;Rutaceae;0;0;0;0;0;1;1;0;0;0;0;0;Halbstrauch;gelb;Hunziker;
70;Spanischer Salbei;Salvia lavandulifolia;Lamiaceae;0;0;0;0;0;1;1;0;0;0;0;0;Halbstrauch;violett;fehlt Hunziker;
71;Zitronenthymian;Thymus citriodorus;Lamiaceae;0;0;0;0;0;1;1;1;0;0;0;0;Zwergstrauch;rosa;fehlt Hunziker;
72;Orangenthymian;Thymus fragrantissimus;Lamiaceae;0;0;0;0;0;1;1;0;0;0;0;0;Zwergstrauch;weissrosa;fehlt Hunziker;
73;Gewürz-Thymian;Thymus vulgaris;Lamiaceae;0;0;0;0;1;1;1;0;0;0;0;0;Zwergstrauch;violettrosa;Hunziker;
74;Gelbe Schwertlilie;Iris pseudacorus;Iridaceae;0;0;0;0;0;1;0;0;0;0;0;0;Hydrophyt;gelb;Hunziker;
75;Raugras;Achnatherum calamagrostis;Poaceae;0;0;0;0;0;1;1;1;1;0;0;0;Staude;grün;Hunziker;
76;Reitgras;Calamagrostis acutiflora (x) Karl Foerster;Poaceae;0;0;0;0;0;1;1;1;0;0;0;0;Staude;grün;fehlt Hunziker;
77;Rutenhirse;Panicum virgatum;Poaceae;0;0;0;0;0;0;1;1;1;0;0;0;Staude;grün;fehlt Hunziker;
78;Hängepolster-Glockenblume;Campanula poscharskyana;Campanulaceae;0;0;0;0;0;1;1;1;0;0;0;0;Staude;violett;fehlt Hunziker;
79;Heide-Nelke;Dianthus deltoides;Caryophyllaceae;0;0;0;0;0;1;1;1;0;0;0;0;Staude;purpurrot;fehlt Hunziker;Die Sorte heisst Flashing Light
80;Gemeines Sonnenröschen;Helianthemum nummularium;Cistaceae;0;0;0;0;1;1;1;1;1;1;0;0;Zwergstrauch;gelb;fehlt Hunziker;
81;Edel-Gamander;Teucrium chamaedrys;Lamiaceae;0;0;0;0;0;1;1;1;0;0;0;0;Halbstrauch;rosa;fehlt Hunziker;
82;Gewöhnliche Wiesen-Schafgarbe;Achillea millefolium;Asteraceae;0;0;0;0;0;1;1;1;1;0;0;0;Staude;weiss;fehlt Hunziker;
83;Schweizer Frauenmantel;Alchemilla glaucescens var. helvetica;Rosaceae;0;0;0;0;0;1;1;1;0;0;0;0;Staude;gelbgrün;fehlt Hunziker;
84;Waldaster;Aster divaricatus;Asteraceae;0;0;0;0;0;0;0;1;1;1;0;0;Staude;weiss;fehlt Hunziker;
85;Echter Dost;Origanum vulgare;Lamiaceae;0;0;0;0;0;0;1;1;1;0;0;0;Staude;hellrosa;Hunziker;
86;Arznei-Feld-Thymian;Thymus pulegioides;Lamiaceae;0;0;0;0;0;1;1;1;1;0;0;0;Zwergstrauch;violettrosa;fehlt Hunziker;
87;Rotblättriger Kriechender Günsel;Ajuga reptans Atropurpurea;Lamiaceae;0;0;0;1;1;0;0;0;0;0;0;0;Staude;violettblau;fehlt Hunziker;
88;Persischer Ehrenpreis;Veronica persica;Plantaginaceae;0;1;1;1;1;1;1;1;1;1;0;0;Einjähriges Kraut;blau;natürlich;
89;Purpurrote Taubnessel;Lamium purpureum;Lamiaceae;0;0;1;1;1;1;1;1;1;1;0;0;Einjähriges Kraut;purpurrot;natürlich;
90;Scharbockskraut;Ranunculus ficaria;Ranunculaceae;0;0;1;1;0;0;0;0;0;0;0;0;Staude;gelb;natürlich;
91;Breitblättrige Traubenhyazinthe;Muscari latifolium ;Asparagaceae;0;0;0;1;1;0;0;0;0;0;0;0;Staude;violettblau;natürlich;
92;Sibirischer Blaustern;Scilla siberica;Asparagaceae;0;0;1;1;0;0;0;0;0;0;0;0;Staude;violett;natürlich;
93;Garten Hyazinthe;Hyacinthus orientalis;Asparagaceae;0;0;1;1;1;0;0;0;0;0;0;0;Staude;rosa;natürlich;
94;Gewöhnlicher Löwenzahn;Taraxacum officinale aggr.;Asteraceae;0;0;0;1;1;0;0;0;0;0;0;0;Staude;gelb;natürlich;
95;Gundelrebe;Glechoma hederacea L.;Lamiaceae;0;0;0;1;1;0;0;0;0;0;0;0;Staude;blauviolett;natürlich;
96;Garten Tulpe;Tulipa gesneriana L.;Liliaceae;0;0;0;1;1;0;0;0;0;0;0;0;Staude;gelb;natürlich;
97;Knolliger Hahnenfuss;Ranunculus bulbosus L.;Ranunculaceae;0;0;0;0;1;1;1;0;0;0;0;0;Staude;gelb;natürlich;
98;Gänseblümchen;Bellis perennis L.;Asteraceae;0;1;1;1;1;1;1;1;1;1;1;0;Staude;gelb, weiss;natürlich;
99;Damen-Tulpe;Tulipa clusiana DC.;Liliaceae;0;0;0;1;1;0;0;0;0;0;0;0;Staude;rot, weiss;natürlich;
100;Knoblauchhederich;Alliaria petiolata;Brassicaceae;0;0;0;1;1;1;0;0;0;0;0;0;Zweijähriges Kraut;weiss;natürlich;
101;Kriechender Günsel;Ajuga reptans L.;Lamiaceae;0;0;0;1;1;1;1;0;0;0;0;0;Staude;blau;natürlich;
102;Leichtlin-Prärielilie;Camassia leichtlinii;Asparagaceae;0;0;0;0;1;1;0;0;0;0;0;0;Staude;violett;natürlich;
103;Futter-Wicke;Vicia sativa L.;Fabaceae;0;0;0;0;1;1;1;1;1;1;0;0;Einjähriges Kraut;purpurrot, violett;natürlich;
104;Reichstachelige Rose;Rosa spinosissima L.;Rosaceae;0;0;0;0;1;0;0;0;0;0;0;0;Strauch;gelb, weiss;natürlich;
105;Wiesen-Margerite;Leucanthemum vulgare;Asteraceae;0;0;0;0;1;1;1;1;1;1;1;0;Staude;gelb, weiss;natürlich;
106;Wolliger Schneeball;Viburnum lantana L.;Adoxaceae;0;0;0;0;1;0;0;0;0;0;0;0;Strauch;weiss;natürlich;
107;Pyrenäen-Storchschnabel;Geranium pyrenaicum Burm. f.;Geraniaceae;0;0;0;0;1;1;1;1;0;0;0;0;Strauch;violett;natürlich;
108;Sibirische Schwertlilie;Iris sibirica L.;Iridaceae;0;0;0;0;0;1;0;0;0;0;0;0;Strauch;violett;natürlich;
109;Skabiosen-Flockenblume;Centaurea scabiosa L.;Asteraceae;0;0;0;0;0;1;1;1;0;0;0;0;Strauch;violett;natürlich;
110;Feld-Witwenblume;Knautia arvensis (L.) Coult.;Caprifoliaceae;0;0;0;0;1;1;1;1;1;0;0;0;Strauch;violett;natürlich;
111;Gemeine Akelei;Aquilegia vulgaris L.;Ranunculaceae;0;0;0;0;1;1;1;0;0;0;0;0;Strauch;violett;natürlich;
112;Weisser Mauerpfeffer;Sedum album L.;Crassulaceae;0;0;0;0;0;1;1;1;1;0;0;0;Sukkulente;weiss;natürlich;
113;Gemeiner Schneeball;Viburnum opulus L.;Adoxaceae;0;0;0;0;1;1;0;0;0;0;0;0;Strauch;weiss;natürlich;
114;Rote Heckenkirsche;Lonicera xylosteum L.;Caprifoliaceae;0;0;0;1;1;0;0;0;0;0;0;0;Strauch;weiss;natürlich;
115;Färber-Waid;Isatis tinctoria L.;Brassicaceae;0;0;0;1;1;1;0;0;0;0;0;0;Zweijähriges Kraut;gelb;natürlich;
116;Hopfenklee;Medicago lupulina L.;Fabaceae;0;0;0;0;1;1;1;1;1;0;0;0;Einjähriges Kraut;gelb;natürlich;
117;Venuskamm;Scandix pecten-veneris L.;Apiaceae;0;0;0;0;1;1;0;0;0;0;0;0;Einjähriges Kraut;weiss;natürlich;
118;Purgier-Kreuzdorn;Rhamnus cathartica L.;Rhamnaceae;0;0;0;0;1;0;0;0;0;0;0;0;Baumartiger Strauch;grüngelb;natürlich;
119;Echte Salbei;Salvia officinalis L.;Lamiaceae;0;0;0;0;1;1;1;0;0;0;0;0;Halbstrauch;violett;natürlich;
120;Echte Nelkenwurz;Geum urbanum L.;Rosaceae;0;0;0;0;1;1;1;1;0;0;0;0;Staude;gelb;natürlich;
121;Saat-Luzerne;Medicago sativa L.;Fabaceae;0;0;0;0;0;1;1;1;0;0;0;0;Staude;violett;natürlich;
122;Rapunzel-Glockenblume;Campanula rapunculus L.;Campanulaceae;0;0;0;0;1;1;1;0;0;0;0;0;Zweijähriges Kraut;violettweiss;natürlich;
123;Echter Lavendel;Lavandula angustifolia Mill.;Lamiaceae;0;0;0;0;0;0;1;1;0;0;0;0;Halbstrauch;violett;natürlich;
124;Gemeiner Natterkopf;Echium vulgare L.;Boraginaceae;0;0;0;0;1;1;1;1;1;1;0;0;Zweijähriges Kraut;violett;natürlich;
125;Hunds-Rose;Rosa canina L.;Rosaceae;0;0;0;0;0;1;0;0;0;0;0;0;Strauch;weiss,rosa,gelb;fehlt natürlich;
126;Bereifte Rose;Rosa glauca Pourr.;Rosaceae;0;0;0;0;0;1;1;0;0;0;0;0;Strauch;weiss,rosa,gelb;fehlt natürlich;
127;Hagebuche;Carpinus betulus L.;Betulaceae;0;0;0;0;1;0;0;0;0;0;0;0;Baum;grün;natürlich;
128;Schwärzliche Flockenblume;Centaurea nigrescens Willd.;Asteraceae;0;0;0;0;0;1;1;1;1;0;0;0;Staude;violett;natürlich;
129;Gemeiner Liguster;Ligustrum vulgare L.;Oleaceae;0;0;0;0;1;1;1;0;0;0;0;0;Strauch;weiss;natürlich;
130;Echtes Johanniskraut;Hypericum perforatum L.;Hypericaceae;0;0;0;0;0;1;1;1;1;0;0;0;Halbstrauch;gelb;natürlich;
131;Sal-Weide;Salix caprea L.;Salicaceae;0;0;1;1;1;0;0;0;0;0;0;0;Baum;grün;natürlich;
132;Kleiner Odermennig;Agrimonia eupatoria L.;Rosaceae;0;0;0;0;0;1;1;1;1;0;0;0;Staude;gelb;natürlich;
133;Kleinköpfiger Pippau;Crepis capillaris Wallr.;Asteraceae;0;0;0;0;0;1;1;1;1;0;0;0;Einjähriges Kraut;gelb;natürlich;
134;Wilde Möhre;Daucus carota L.;Apiaceae;0;0;0;0;0;1;1;1;0;0;0;0;Zweijähriges Kraut;weiss;natürlich;
135;Kleinblütige Bergminze;Clinopodium nepeta;Lamiaceae;0;0;0;0;0;0;1;1;1;0;0;0;Staude;weiss, rosa;natürlich;
136;Pastinak;Pastinaca sativa L.;Apiaceae;0;0;0;0;0;0;1;1;0;0;0;0;Zweijähriges Kraut;gelb;natürlich;
137;Schwarznessel;Ballota nigra L.;Lamiaceae;0;0;0;0;0;1;1;1;0;0;0;0;Staude;violett, rosa;natürlich;
138;Kleine Klette;Arctium minus Bernh.;Asteraceae;0;0;0;0;0;0;0;0;0;0;0;0;Zweijähriges Kraut;violett, grün;natürlich;
139;Gewöhnliches Bitterkraut;Picris hieracioides L.;Asteraceae;0;0;0;0;0;0;1;1;1;1;0;0;Zweijähriges Kraut;gelb;natürlich;
140;Einjähriges Berufkraut;Erigeron annuus (L.) Desf.;Asteraceae;0;0;0;0;0;1;1;1;1;1;0;0;Einjähriges Kraut;gelb, weiss;natürlich;
141;Weisse Lichtnelke;Silene latifolia;Caryophyllaceae;0;0;0;0;0;1;1;1;1;0;0;0;Staude;weiss;natürlich;
142;Echter Honigklee;Melilotus officinalis Lam.;Fabaceae;0;0;0;0;0;1;1;1;1;1;0;0;Zweijähriges Kraut;gelb;natürlich;
143;Ährige Minze;Mentha spicata aggr.;Lamiaceae;0;0;0;0;0;0;1;1;1;0;0;0;Staude;weiss;natürlich;
144;Straucheibisch;Hibiscus syriacus L.;Malvaceae;0;0;0;0;0;0;1;1;1;0;0;0;Strauch;violett, rosa;natürlich;
145;Gemeines Pfaffenhütchen;Euonymus europaeus L.;Celastraceae;0;0;0;0;1;1;1;0;0;0;0;0;Strauch;weiss;natürlich;
146;Schwarzer Holunder;Sambucus nigra L.;Adoxaceae;0;0;0;0;1;1;0;0;0;0;0;0;Strauch;weiss;natürlich;
147;Kornelkirsche;Cornus mas L.;Cornaceae;0;0;1;0;0;0;0;0;0;0;0;0;Baumartiger Strauch;gelb;natürlich;
148;Faulbaum;Frangula alnus Mill.;Rhamnaceae;0;0;0;0;1;1;0;0;0;0;0;0;Baumartiger Strauch;grün, gelb;natürlich;
149;Alpen-Johannisbeere;Ribes alpinum L.;Grossulariaceae;0;0;0;1;1;1;0;0;0;0;0;0;Strauch;grün, gelb;natürlich;
150;Rosen;;;;;;;;;;;;;;;;;;
151;Pastinak;Pastinaca sativa L.;Apiaceae;0;0;0;0;0;0;1;1;0;0;0;0;Zweijähriges Kraut;gelb;natürlich;
152;Schwarznessel;Ballota nigra L.;Lamiaceae;0;0;0;0;0;1;1;1;0;0;0;0;Staude;violett, rosa;natürlich;
153;Kleine Klette;Arctium minus Bernh.;Asteraceae;0;0;0;0;0;0;0;0;0;0;0;0;Zweijähriges Kraut;violett, grün;natürlich;
154;Gewöhnliches Bitterkraut;Picris hieracioides L.;Asteraceae;0;0;0;0;0;0;1;1;1;1;0;0;Zweijähriges Kraut;gelb;natürlich;
155;Einjähriges Berufkraut;Erigeron annuus (L.) Desf.;Asteraceae;0;0;0;0;0;1;1;1;1;1;0;0;Einjähriges Kraut;gelb, weiss;natürlich;
156;Weisse Lichtnelke;Silene latifolia;Caryophyllaceae;0;0;0;0;0;1;1;1;1;0;0;0;Staude;weiss;natürlich;
157;Echter Honigklee;Melilotus officinalis Lam.;Fabaceae;0;0;0;0;0;1;1;1;1;1;0;0;Zweijähriges Kraut;gelb;natürlich;
158;Ährige Minze;Mentha spicata aggr.;Lamiaceae;0;0;0;0;0;0;1;1;1;0;0;0;Staude;weiss;natürlich;
159;Straucheibisch;Hibiscus syriacus L.;Malvaceae;0;0;0;0;0;0;1;1;1;0;0;0;Strauch;violett, rosa;natürlich;
160;Gemeines Pfaffenhütchen;Euonymus europaeus L.;Celastraceae;0;0;0;0;1;1;1;0;0;0;0;0;Strauch;weiss;natürlich;
161;Schwarzer Holunder;Sambucus nigra L.;Adoxaceae;0;0;0;0;1;1;0;0;0;0;0;0;Strauch;weiss;natürlich;
162;Kornelkirsche;Cornus mas L.;Cornaceae;0;0;1;0;0;0;0;0;0;0;0;0;Baumartiger Strauch;gelb;natürlich;
163;Faulbaum;Frangula alnus Mill.;Rhamnaceae;0;0;0;0;1;1;0;0;0;0;0;0;Baumartiger Strauch;grün, gelb;natürlich;
164;Pastinak;Pastinaca sativa L.;Apiaceae;0;0;0;0;0;0;1;1;0;0;0;0;Zweijähriges Kraut;gelb;natürlich;
165;Schwarznessel;Ballota nigra L.;Lamiaceae;0;0;0;0;0;1;1;1;0;0;0;0;Staude;violett, rosa;natürlich;
166;Kleine Klette;Arctium minus Bernh.;Asteraceae;0;0;0;0;0;0;0;0;0;0;0;0;Zweijähriges Kraut;violett, grün;natürlich;
167;Gewöhnliches Bitterkraut;Picris hieracioides L.;Asteraceae;0;0;0;0;0;0;1;1;1;1;0;0;Zweijähriges Kraut;gelb;natürlich;
168;Einjähriges Berufkraut;Erigeron annuus (L.) Desf.;Asteraceae;0;0;0;0;0;1;1;1;1;1;0;0;Einjähriges Kraut;gelb, weiss;natürlich;
169;Weisse Lichtnelke;Silene latifolia;Caryophyllaceae;0;0;0;0;0;1;1;1;1;0;0;0;Staude;weiss;natürlich;
170;Echter Honigklee;Melilotus officinalis Lam.;Fabaceae;0;0;0;0;0;1;1;1;1;1;0;0;Zweijähriges Kraut;gelb;natürlich;
171;Ährige Minze;Mentha spicata aggr.;Lamiaceae;0;0;0;0;0;0;1;1;1;0;0;0;Staude;weiss;natürlich;
172;Straucheibisch;Hibiscus syriacus L.;Malvaceae;0;0;0;0;0;0;1;1;1;0;0;0;Strauch;violett, rosa;natürlich;
173;Gemeines Pfaffenhütchen;Euonymus europaeus L.;Celastraceae;0;0;0;0;1;1;1;0;0;0;0;0;Strauch;weiss;natürlich;
174;Schwarzer Holunder;Sambucus nigra L.;Adoxaceae;0;0;0;0;1;1;0;0;0;0;0;0;Strauch;weiss;natürlich;
175;Kornelkirsche;Cornus mas L.;Cornaceae;0;0;1;0;0;0;0;0;0;0;0;0;Baumartiger Strauch;gelb;natürlich;
176;Faulbaum;Frangula alnus Mill.;Rhamnaceae;0;0;0;0;1;1;0;0;0;0;0;0;Baumartiger Strauch;grün, gelb;natürlich;
